{
   "dashboards": [{
      "autoswitchEnabled": false,
      "columnCount": 1,
      "columnProportion": "1",
      "creationTime": 1603991854562,
      "dashboardNavigations": {},
      "description": "",
      "disabled": false,
      "gridsterMaxColumns": 12,
      "hidden": false,
      "homeTab": false,
      "id": "d70593cb-1ef0-42e1-8dfb-efd0bc0dafa8",
      "importAttempts": 0,
      "importComplete": true,
      "lastUpdateTime": 1603994794983,
      "lastUpdateUserId": "ce28a436-007e-4581-a234-9a5ec7b93455",
      "locked": false,
      "name": "Custom Dashboards/VMware vSphere Utilization",
      "namePath": "Custom Dashboards",
      "rank": 0,
      "shared": false,
      "states": [],
      "temporary": false,
      "userId": "ce28a436-007e-4581-a234-9a5ec7b93455",
      "widgetInteractions": [],
      "widgets": [
         {
            "collapsed": false,
            "config": {
               "alertAction": [],
               "alertImpact": [],
               "criticalityLevel": [],
               "customFilter": {
                  "excludedResources": null,
                  "filter": [],
                  "includedResources": null
               },
               "depth": 5,
               "filterMode": "tagPicker",
               "mode": "all",
               "refreshContent": {"refreshContent": true},
               "refreshInterval": 300,
               "relationshipMode": {"relationshipMode": [
                  -1,
                  0
               ]},
               "resource": [],
               "selfProvider": {"selfProvider": true},
               "state": [],
               "status": [0],
               "tagFilter": null,
               "title": "Active Alerts",
               "type": []
            },
            "gridsterCoords": {
               "h": 6,
               "w": 4,
               "x": 9,
               "y": 1
            },
            "height": 324,
            "id": "ca64d643-4555-48d2-b492-4a811200b927",
            "states": [
               {
                  "key": "permViewMode_widget_d70593cb-1ef0-42e1-8dfb-efd0bc0dafa8_ca64d643-4555-48d2-b492-4a811200b927",
                  "value": "s%3Atime"
               },
               {
                  "key": "permAlertGrid_perm_widget_d70593cb-1ef0-42e1-8dfb-efd0bc0dafa8_ca64d643-4555-48d2-b492-4a811200b927",
                  "value": "o%3Acolumns%3Da%253Ao%25253Aid%25253Ds%2525253Ah1%25255Ehidden%25253Db%2525253A1%25255Ewidth%25253Dn%2525253A100%255Eo%25253Aid%25253Ds%2525253Ah2%255Eo%25253Aid%25253Ds%2525253Ah3%25255Ewidth%25253Dn%2525253A283.783203125%255Eo%25253Aid%25253Ds%2525253Ah4%255Eo%25253Aid%25253Ds%2525253Ah5%255Eo%25253Aid%25253Ds%2525253Ah6%255Eo%25253Aid%25253Ds%2525253Ah7%25255Ehidden%25253Db%2525253A1%255Eo%25253Aid%25253Ds%2525253Ah8%25255Ehidden%25253Db%2525253A1%255Eo%25253Aid%25253Ds%2525253Ah9%25255Ehidden%25253Db%2525253A1%255Eo%25253Aid%25253Ds%2525253Ah10%25255Ehidden%25253Db%2525253A1%255Eo%25253Aid%25253Ds%2525253Ah11%25255Ehidden%25253Db%2525253A1%255Eo%25253Aid%25253Ds%2525253Ah12%25255Ehidden%25253Db%2525253A1%255Eo%25253Aid%25253Ds%2525253Ah13%25255Ehidden%25253Db%2525253A1%255Eo%25253Aid%25253Ds%2525253Ah14%25255Ehidden%25253Db%2525253A1%255Eo%25253Aid%25253Ds%2525253Ah15%25255Ehidden%25253Db%2525253A0%5EstoreState%3Do%253Asorters%253Da%25253Ao%2525253Aroot%2525253Ds%252525253Adata%2525255Eproperty%2525253Ds%252525253AstartTimeUtc%2525255Edirection%2525253Ds%252525253ADESC%2525255Eid%2525253Ds%252525253AstartTimeUtc"
               },
               {
                  "key": "permDateFilter_widget_d70593cb-1ef0-42e1-8dfb-efd0bc0dafa8_ca64d643-4555-48d2-b492-4a811200b927",
                  "value": "s%3A%7B%22dateRange%22%3A%22last30Days%22%2C%22dateFrom%22%3Anull%2C%22dateTo%22%3Anull%2C%22timeFrom%22%3Anull%2C%22timeTo%22%3Anull%7D"
               }
            ],
            "title": "Active Alerts",
            "type": "AlertList"
         },
         {
            "collapsed": false,
            "config": {
               "additionalColumns": [
                  {
                     "boxLabel": "Health (%)",
                     "metricKey": "badge|health",
                     "metricName": "Badge|Health (%)",
                     "resourceKindId": "resourceKind:id:0_::_"
                  },
                  {
                     "boxLabel": "Clusters",
                     "metricKey": "summary|total_number_clusters",
                     "metricName": "Summary|Total Number of Clusters",
                     "resourceKindId": "resourceKind:id:0_::_"
                  },
                  {
                     "boxLabel": "ESXi Hosts",
                     "metricKey": "summary|total_number_hosts",
                     "metricName": "Summary|Total Number of Hosts",
                     "resourceKindId": "resourceKind:id:0_::_"
                  },
                  {
                     "boxLabel": "VMs",
                     "metricKey": "summary|total_number_vms",
                     "metricName": "Summary|Total Number of VMs",
                     "resourceKindId": "resourceKind:id:0_::_"
                  },
                  {
                     "boxLabel": "Datastores",
                     "metricKey": "summary|total_number_datastores",
                     "metricName": "Summary|Total Number of Datastores",
                     "resourceKindId": "resourceKind:id:0_::_"
                  }
               ],
               "customFilter": {
                  "excludedResources": null,
                  "filter": [],
                  "includedResources": null
               },
               "depth": 1,
               "filterMode": "tagPicker",
               "mode": "all",
               "refreshContent": {"refreshContent": true},
               "refreshInterval": 300,
               "relationshipMode": {"relationshipMode": 0},
               "resource": [],
               "selectFirstRow": {"selectFirstRow": true},
               "selfProvider": {"selfProvider": true},
               "tagFilter": {
                  "path": ["/source/kind/kind:resourceKind:id:0_::_"],
                  "value": {
                     "adapterInstance": [],
                     "adapterKind": [],
                     "bus": [],
                     "collector": [],
                     "day": [],
                     "exclaim": false,
                     "healthRange": [],
                     "kind": ["resourceKind:id:0_::_"],
                     "maintenanceSchedule": [],
                     "state": [],
                     "status": [],
                     "tag": [],
                     "tier": []
                  }
               },
               "title": "Datacenters"
            },
            "gridsterCoords": {
               "h": 6,
               "w": 4,
               "x": 1,
               "y": 1
            },
            "height": 324,
            "id": "a4ff2dd8-8a72-4df0-a631-a8f58160789c",
            "states": [{
               "key": "permResGrid_widget_d70593cb-1ef0-42e1-8dfb-efd0bc0dafa8_a4ff2dd8-8a72-4df0-a631-a8f58160789c",
               "value": "o%3Acolumns%3Da%253Ao%25253Aid%25253Ds%2525253Ah1%25255Ehidden%25253Db%2525253A1%25255Ewidth%25253Dn%2525253A100%255Eo%25253Aid%25253Ds%2525253Ah2%25255Ewidth%25253Dn%2525253A158.2294921875%255Eo%25253Aid%25253Ds%2525253Ah3%25255Ehidden%25253Db%2525253A1%25255Ewidth%25253Dn%2525253A100%255Eo%25253Aid%25253Ds%2525253Ah4%25255Ehidden%25253Db%2525253A1%255Eo%25253Aid%25253Ds%2525253Ah5%25255Ehidden%25253Db%2525253A1%255Eo%25253Aid%25253Ds%2525253Ah6%25255Ehidden%25253Db%2525253A1%255Eo%25253Aid%25253Ds%2525253Ah7%25255Ehidden%25253Db%2525253A1%25255Ewidth%25253Dn%2525253A100%255Eo%25253Aid%25253Ds%2525253Ah8%25255Ehidden%25253Db%2525253A1%25255Ewidth%25253Dn%2525253A100%255Eo%25253Aid%25253Ds%2525253Ah9%25255Ehidden%25253Db%2525253A1%25255Ewidth%25253Dn%2525253A100%255Eo%25253Aid%25253Ds%2525253Ah10%25255Ehidden%25253Db%2525253A1%25255Ewidth%25253Dn%2525253A100%255Eo%25253Aid%25253Ds%2525253Ah11%25255Ehidden%25253Db%2525253A1%25255Ewidth%25253Dn%2525253A100%255Eo%25253Aid%25253Ds%2525253Ah12%25255Ehidden%25253Db%2525253A1%25255Ewidth%25253Dn%2525253A100%255Eo%25253Aid%25253Ds%2525253Ah13%25255Ehidden%25253Db%2525253A1%25255Ewidth%25253Dn%2525253A100%255Eo%25253Aid%25253Ds%2525253Ah14%25255Ehidden%25253Db%2525253A0%255Eo%25253Aid%25253Ds%2525253Ah15%25255Ehidden%25253Db%2525253A0%255Eo%25253Aid%25253Ds%2525253Ah16%25255Ehidden%25253Db%2525253A1%25255Ewidth%25253Dn%2525253A100%255Eo%25253Aid%25253Ds%2525253AresourceRating%25255Ehidden%25253Db%2525253A1%255Eo%25253Aid%25253Ds%2525253Ah18%25255Ehidden%25253Db%2525253A0%25255Ewidth%25253Dn%2525253A103.80859375%255Eo%25253Aid%25253Ds%2525253Ah19%25255Ehidden%25253Db%2525253A0%25255Ewidth%25253Dn%2525253A80.6259765625%255Eo%25253Aid%25253Ds%2525253Ah20%25255Ehidden%25253Db%2525253A0%25255Ewidth%25253Dn%2525253A100%255Eo%25253Aid%25253Ds%2525253Ah21%25255Ehidden%25253Db%2525253A0%25255Ewidth%25253Dn%2525253A73.5498046875%255Eo%25253Aid%25253Ds%2525253Ah22%25255Ehidden%25253Db%2525253A0%25255Ewidth%25253Dn%2525253A88.076171875%255Eo%25253Aid%25253Ds%2525253Ah23%25255Ehidden%25253Db%2525253A1%25255Ewidth%25253Dn%2525253A159.6337890625%255Eo%25253Aid%25253Ds%2525253Ah24%25255Ehidden%25253Db%2525253A1%25255Ewidth%25253Dn%2525253A167.1689453125%255Eo%25253Aid%25253Ds%2525253Ah25%25255Ehidden%25253Db%2525253A1%25255Ewidth%25253Dn%2525253A100%255Eo%25253Aid%25253Ds%2525253Ah26%25255Ehidden%25253Db%2525253A1%25255Ewidth%25253Dn%2525253A100%255Eo%25253Aid%25253Ds%2525253Ah27%25255Ehidden%25253Db%2525253A1%25255Ewidth%25253Dn%2525253A100%255Eo%25253Aid%25253Ds%2525253Ah28%25255Ehidden%25253Db%2525253A1%25255Ewidth%25253Dn%2525253A100%255Eo%25253Aid%25253Ds%2525253Ah29%25255Ehidden%25253Db%2525253A1%25255Ewidth%25253Dn%2525253A100%255Eo%25253Aid%25253Ds%2525253Ah30%25255Ehidden%25253Db%2525253A1%25255Ewidth%25253Dn%2525253A100%255Eo%25253Aid%25253Ds%2525253Ah31%25255Ehidden%25253Db%2525253A1%25255Ewidth%25253Dn%2525253A100%255Eo%25253Aid%25253Ds%2525253Ah32%25255Ehidden%25253Db%2525253A1%25255Ewidth%25253Dn%2525253A100%255Eo%25253Aid%25253Ds%2525253Ah33%25255Ehidden%25253Db%2525253A1%25255Ewidth%25253Dn%2525253A100%255Eo%25253Aid%25253Ds%2525253Ah34%25255Ehidden%25253Db%2525253A1%25255Ewidth%25253Dn%2525253A100%255Eo%25253Aid%25253Ds%2525253Ah35%25255Ehidden%25253Db%2525253A1%25255Ewidth%25253Dn%2525253A100%255Eo%25253Aid%25253Ds%2525253Ah36%25255Ehidden%25253Db%2525253A1%25255Ewidth%25253Dn%2525253A100%255Eo%25253Aid%25253Ds%2525253Ah37%25255Ehidden%25253Db%2525253A1%25255Ewidth%25253Dn%2525253A100%255Eo%25253Aid%25253Ds%2525253Ah38%25255Ehidden%25253Db%2525253A1%25255Ewidth%25253Dn%2525253A100%255Eo%25253Aid%25253Ds%2525253Ah39%25255Ehidden%25253Db%2525253A1%25255Ewidth%25253Dn%2525253A100%255Eo%25253Aid%25253Ds%2525253Ah40%25255Ehidden%25253Db%2525253A1%25255Ewidth%25253Dn%2525253A100%255Eo%25253Aid%25253Ds%2525253Ah41%25255Ehidden%25253Db%2525253A1%25255Ewidth%25253Dn%2525253A100%255Eo%25253Aid%25253Ds%2525253Ah42%25255Ehidden%25253Db%2525253A1%25255Ewidth%25253Dn%2525253A100%255Eo%25253Aid%25253Ds%2525253Ah43%25255Ehidden%25253Db%2525253A1%25255Ewidth%25253Dn%2525253A100%255Eo%25253Aid%25253Ds%2525253Ah44%25255Ehidden%25253Db%2525253A1%25255Ewidth%25253Dn%2525253A100%255Eo%25253Aid%25253Ds%2525253Ah45%25255Ehidden%25253Db%2525253A1%25255Ewidth%25253Dn%2525253A100%255Eo%25253Aid%25253Ds%2525253Ah46%25255Ehidden%25253Db%2525253A1%25255Ewidth%25253Dn%2525253A100%255Eo%25253Aid%25253Ds%2525253Ah47%25255Ehidden%25253Db%2525253A1%25255Ewidth%25253Dn%2525253A100%5EstoreState%3Do%253Asorters%253Da%25253Ao%2525253Aroot%2525253Ds%252525253Adata%2525255Eproperty%2525253Ds%252525253AmetricValue_%252525253A%252525253A_summary%252525257Ctotal_number_clusters%2525255Edirection%2525253Ds%252525253ADESC%2525255Eid%2525253Ds%252525253AmetricValue_%252525253A%252525253A_summary%252525257Ctotal_number_clusters"
            }],
            "title": "Datacenters",
            "type": "ResourceList"
         },
         {
            "collapsed": false,
            "config": {
               "configs": [{
                  "attributeKind": {"value": ""},
                  "color": {
                     "maxValue": 100,
                     "minValue": 0,
                     "thresholds": {
                        "colors": [
                           "#FF0000",
                           "#FFFF00",
                           "#00FF00"
                        ],
                        "values": [
                           0,
                           50,
                           100
                        ]
                     }
                  },
                  "colorBy": {
                     "metricKey": "badge|health",
                     "value": "Badge|Health (%)"
                  },
                  "filterMode": "tagPicker",
                  "focusOnGroups": true,
                  "groupBy": {
                     "id": "004null002006VMWAREDatacenter",
                     "originalText": "Datacenter",
                     "parentId": "VMWARE",
                     "parentText": "vCenter Adapter",
                     "text": "Datacenter",
                     "type": "resourceKind",
                     "typeId": "resourceKind:id:0_::_"
                  },
                  "id": "extModel88150-1",
                  "mode": {"mode": false},
                  "name": "Health",
                  "relationalGrouping": false,
                  "resourceKind": "resourceKind:id:0_::_",
                  "sizeBy": {
                     "metricKey": null,
                     "value": ""
                  },
                  "solidColoring": false,
                  "thenBy": null
               }],
               "depth": 10,
               "mode": "all",
               "refreshContent": {"refreshContent": true},
               "refreshInterval": 300,
               "relationshipMode": {"relationshipMode": [
                  1,
                  -1,
                  0
               ]},
               "resource": [],
               "selfProvider": {"selfProvider": true},
               "title": "Datacenter Health",
               "value": 0
            },
            "gridsterCoords": {
               "h": 6,
               "w": 4,
               "x": 5,
               "y": 1
            },
            "height": 324,
            "id": "3e1a70ce-5520-43ee-becb-7796b218d68e",
            "states": [
               {
                  "key": "permBtn_zoomInBtn_perm_HeatMap_widget_d70593cb-1ef0-42e1-8dfb-efd0bc0dafa8_3e1a70ce-5520-43ee-becb-7796b218d68e",
                  "value": "b%3A0"
               },
               {
                  "key": "perm_toolbarVisible_widget_d70593cb-1ef0-42e1-8dfb-efd0bc0dafa8_3e1a70ce-5520-43ee-becb-7796b218d68e",
                  "value": "b%3A0"
               },
               {
                  "key": "permBtn_showTextBtn_perm_HeatMap_widget_d70593cb-1ef0-42e1-8dfb-efd0bc0dafa8_3e1a70ce-5520-43ee-becb-7796b218d68e",
                  "value": "b%3A1"
               },
               {
                  "key": "perm_HeatMap_widget_d70593cb-1ef0-42e1-8dfb-efd0bc0dafa8_3e1a70ce-5520-43ee-becb-7796b218d68e",
                  "value": "o%3A"
               }
            ],
            "title": "Datacenter Health",
            "type": "Heatmap"
         },
         {
            "collapsed": false,
            "config": {
               "chartViewItems": ["legend"],
               "isUpdatedView": true,
               "refreshContent": {"refreshContent": true},
               "refreshInterval": 300,
               "resource": {
                  "id": "Ext.vcops.chrome.model.Resource-10",
                  "resourceId": "resource:id:0_::_",
                  "resourceKindId": "002006VMWAREvSphere World",
                  "resourceName": "vSphere World",
                  "traversalSpecId": ""
               },
               "selectFirstRow": {"selectFirstRow": false},
               "selfProvider": {"selfProvider": true},
               "title": "Cluster CPU Usage (%)",
               "traversalSpecId": null,
               "viewDefinitionId": "8e92e373-0127-408b-800b-5ac1de3f6214"
            },
            "gridsterCoords": {
               "h": 7,
               "w": 3,
               "x": 1,
               "y": 7
            },
            "height": 380,
            "id": "85ff0595-aee8-483c-88cc-d1be3d8db620",
            "title": "Cluster CPU Usage (%)",
            "type": "View"
         },
         {
            "collapsed": false,
            "config": {
               "chartViewItems": ["legend"],
               "isUpdatedView": true,
               "refreshContent": {"refreshContent": true},
               "refreshInterval": 300,
               "resource": {
                  "id": "Ext.vcops.chrome.model.Resource-11",
                  "resourceId": "resource:id:0_::_",
                  "resourceKindId": "002006VMWAREvSphere World",
                  "resourceName": "vSphere World",
                  "traversalSpecId": ""
               },
               "selectFirstRow": {"selectFirstRow": false},
               "selfProvider": {"selfProvider": true},
               "title": "Cluster Memory Usage (%)",
               "traversalSpecId": null,
               "viewDefinitionId": "c06f4a7c-c070-41c6-8418-7bb81bf4b8e1"
            },
            "gridsterCoords": {
               "h": 7,
               "w": 3,
               "x": 4,
               "y": 7
            },
            "height": 380,
            "id": "322b60d7-4511-4e13-9b8d-cd9fa0298969",
            "title": "Cluster Memory Usage (%)",
            "type": "View"
         },
         {
            "collapsed": false,
            "config": {
               "chartViewItems": ["legend"],
               "isUpdatedView": true,
               "refreshContent": {"refreshContent": true},
               "refreshInterval": 300,
               "resource": {
                  "id": "Ext.vcops.chrome.model.Resource-3",
                  "resourceId": "resource:id:0_::_",
                  "resourceKindId": "002006VMWAREvSphere World",
                  "resourceName": "vSphere World",
                  "traversalSpecId": ""
               },
               "selectFirstRow": {"selectFirstRow": false},
               "selfProvider": {"selfProvider": true},
               "title": "Cluster Disk IOPS",
               "traversalSpecId": null,
               "viewDefinitionId": "27b926d8-6fda-49ef-a1ee-6d92e5607552"
            },
            "gridsterCoords": {
               "h": 7,
               "w": 3,
               "x": 7,
               "y": 7
            },
            "height": 380,
            "id": "a4d7481a-17d5-463e-aa38-c61459b3f8d0",
            "title": "Cluster Disk IOPS",
            "type": "View"
         },
         {
            "collapsed": false,
            "config": {
               "chartViewItems": ["legend"],
               "isUpdatedView": true,
               "refreshContent": {"refreshContent": true},
               "refreshInterval": 300,
               "resource": {
                  "id": "Ext.vcops.chrome.model.Resource-14",
                  "resourceId": "resource:id:0_::_",
                  "resourceKindId": "002006VMWAREvSphere World",
                  "resourceName": "vSphere World",
                  "traversalSpecId": ""
               },
               "selectFirstRow": {"selectFirstRow": false},
               "selfProvider": {"selfProvider": true},
               "title": "Cluster Network Usage Rate (KBps)",
               "traversalSpecId": null,
               "viewDefinitionId": "284bbfdb-6731-445a-ba91-bbe12ef59d8f"
            },
            "gridsterCoords": {
               "h": 7,
               "w": 3,
               "x": 10,
               "y": 7
            },
            "height": 380,
            "id": "a42687ae-62a2-441f-b74f-4992d94b4da7",
            "title": "Cluster Network Usage Rate (KBps)",
            "type": "View"
         },
         {
            "collapsed": false,
            "config": {
               "chartViewItems": ["legend"],
               "isUpdatedView": true,
               "refreshContent": {"refreshContent": true},
               "refreshInterval": 300,
               "resource": {
                  "id": "Ext.vcops.chrome.model.Resource-12",
                  "resourceId": "resource:id:0_::_",
                  "resourceKindId": "002006VMWAREvSphere World",
                  "resourceName": "vSphere World",
                  "traversalSpecId": ""
               },
               "selectFirstRow": {"selectFirstRow": false},
               "selfProvider": {"selfProvider": true},
               "title": "ESXi Host CPU Usage (%)",
               "traversalSpecId": null,
               "viewDefinitionId": "da007644-51dd-4672-ac1d-02728bfde42d"
            },
            "gridsterCoords": {
               "h": 7,
               "w": 3,
               "x": 1,
               "y": 14
            },
            "height": 380,
            "id": "21fae26e-105b-4e58-846a-93ee2ccb7ef8",
            "title": "ESXi Host CPU Usage (%)",
            "type": "View"
         },
         {
            "collapsed": false,
            "config": {
               "chartViewItems": ["legend"],
               "isUpdatedView": true,
               "refreshContent": {"refreshContent": true},
               "refreshInterval": 300,
               "resource": {
                  "id": "Ext.vcops.chrome.model.Resource-16",
                  "resourceId": "resource:id:0_::_",
                  "resourceKindId": "002006VMWAREvSphere World",
                  "resourceName": "vSphere World",
                  "traversalSpecId": ""
               },
               "selectFirstRow": {"selectFirstRow": false},
               "selfProvider": {"selfProvider": true},
               "title": "VM CPU Usage (%)",
               "traversalSpecId": null,
               "viewDefinitionId": "0f0f095c-db9d-41c9-bb2d-cf91c3bcd5a5"
            },
            "gridsterCoords": {
               "h": 7,
               "w": 3,
               "x": 1,
               "y": 21
            },
            "height": 380,
            "id": "cededc13-8988-4fa1-a3ea-a7ea4130a5b6",
            "title": "VM CPU Usage (%)",
            "type": "View"
         },
         {
            "collapsed": false,
            "config": {
               "chartViewItems": ["legend"],
               "isUpdatedView": true,
               "refreshContent": {"refreshContent": true},
               "refreshInterval": 300,
               "resource": {
                  "id": "Ext.vcops.chrome.model.Resource-13",
                  "resourceId": "resource:id:0_::_",
                  "resourceKindId": "002006VMWAREvSphere World",
                  "resourceName": "vSphere World",
                  "traversalSpecId": ""
               },
               "selectFirstRow": {"selectFirstRow": false},
               "selfProvider": {"selfProvider": true},
               "title": "ESXi Host Memory Usage (%)",
               "traversalSpecId": null,
               "viewDefinitionId": "5dca9447-1596-47b3-acdf-b5f341242ffa"
            },
            "gridsterCoords": {
               "h": 7,
               "w": 3,
               "x": 4,
               "y": 14
            },
            "height": 380,
            "id": "10cf08d2-dcf1-461d-80ff-00b2c55931f2",
            "title": "ESXi Host Memory Usage (%)",
            "type": "View"
         },
         {
            "collapsed": false,
            "config": {
               "chartViewItems": ["legend"],
               "isUpdatedView": true,
               "refreshContent": {"refreshContent": true},
               "refreshInterval": 300,
               "resource": {
                  "id": "Ext.vcops.chrome.model.Resource-17",
                  "resourceId": "resource:id:0_::_",
                  "resourceKindId": "002006VMWAREvSphere World",
                  "resourceName": "vSphere World",
                  "traversalSpecId": ""
               },
               "selectFirstRow": {"selectFirstRow": false},
               "selfProvider": {"selfProvider": true},
               "title": "VM Memory Usage (%)",
               "traversalSpecId": null,
               "viewDefinitionId": "6983fbdf-2e82-4ccb-a229-527063491cd5"
            },
            "gridsterCoords": {
               "h": 7,
               "w": 3,
               "x": 4,
               "y": 21
            },
            "height": 380,
            "id": "d5203fb0-7a31-4948-a551-14ba484c36c0",
            "states": [{
               "key": "perm_toolbarVisible_widget_d70593cb-1ef0-42e1-8dfb-efd0bc0dafa8_d5203fb0-7a31-4948-a551-14ba484c36c0",
               "value": "b%3A1"
            }],
            "title": "VM Memory Usage (%)",
            "type": "View"
         },
         {
            "collapsed": false,
            "config": {
               "chartViewItems": ["legend"],
               "isUpdatedView": true,
               "refreshContent": {"refreshContent": true},
               "refreshInterval": 300,
               "resource": {
                  "id": "Ext.vcops.chrome.model.Resource-7",
                  "resourceId": "resource:id:0_::_",
                  "resourceKindId": "002006VMWAREvSphere World",
                  "resourceName": "vSphere World",
                  "traversalSpecId": ""
               },
               "selectFirstRow": {"selectFirstRow": false},
               "selfProvider": {"selfProvider": true},
               "title": "ESXi Host Disk IOPS",
               "traversalSpecId": null,
               "viewDefinitionId": "240f588c-80d1-4834-9257-c341f25db31d"
            },
            "gridsterCoords": {
               "h": 7,
               "w": 3,
               "x": 7,
               "y": 14
            },
            "height": 380,
            "id": "7cf33506-4362-4a16-b890-ea614739f589",
            "title": "ESXi Host Disk IOPS",
            "type": "View"
         },
         {
            "collapsed": false,
            "config": {
               "chartViewItems": ["legend"],
               "isUpdatedView": true,
               "refreshContent": {"refreshContent": true},
               "refreshInterval": 300,
               "resource": {
                  "id": "Ext.vcops.chrome.model.Resource-18",
                  "resourceId": "resource:id:0_::_",
                  "resourceKindId": "002006VMWAREvSphere World",
                  "resourceName": "vSphere World",
                  "traversalSpecId": ""
               },
               "selectFirstRow": {"selectFirstRow": false},
               "selfProvider": {"selfProvider": true},
               "title": "VM Disk IOPS",
               "traversalSpecId": null,
               "viewDefinitionId": "9f1a9628-230d-4d33-a1ed-ac90466e5c55"
            },
            "gridsterCoords": {
               "h": 7,
               "w": 3,
               "x": 7,
               "y": 21
            },
            "height": 380,
            "id": "6b2e05be-b1c3-448b-b076-714faf787127",
            "title": "VM Disk IOPS",
            "type": "View"
         },
         {
            "collapsed": false,
            "config": {
               "chartViewItems": ["legend"],
               "isUpdatedView": true,
               "refreshContent": {"refreshContent": true},
               "refreshInterval": 300,
               "resource": {
                  "id": "Ext.vcops.chrome.model.Resource-15",
                  "resourceId": "resource:id:0_::_",
                  "resourceKindId": "002006VMWAREvSphere World",
                  "resourceName": "vSphere World",
                  "traversalSpecId": ""
               },
               "selectFirstRow": {"selectFirstRow": false},
               "selfProvider": {"selfProvider": true},
               "title": "ESXi Host Network Usage Rate (KBps)",
               "traversalSpecId": null,
               "viewDefinitionId": "720bcbbb-b653-4a8f-a475-53ed3a8fcbe9"
            },
            "gridsterCoords": {
               "h": 7,
               "w": 3,
               "x": 10,
               "y": 14
            },
            "height": 380,
            "id": "f60b9db8-7cca-490a-9b9f-ac8e42ac2eab",
            "title": "ESXi Host Network Usage Rate (KBps)",
            "type": "View"
         },
         {
            "collapsed": false,
            "config": {
               "chartViewItems": ["legend"],
               "isUpdatedView": true,
               "refreshContent": {"refreshContent": true},
               "refreshInterval": 300,
               "resource": {
                  "id": "Ext.vcops.chrome.model.Resource-19",
                  "resourceId": "resource:id:0_::_",
                  "resourceKindId": "002006VMWAREvSphere World",
                  "resourceName": "vSphere World",
                  "traversalSpecId": ""
               },
               "selectFirstRow": {"selectFirstRow": false},
               "selfProvider": {"selfProvider": true},
               "title": "VM Network Usage Rate (KBps)",
               "traversalSpecId": null,
               "viewDefinitionId": "bb3a9c91-c37f-4443-b4f0-7691cf220832"
            },
            "gridsterCoords": {
               "h": 7,
               "w": 3,
               "x": 10,
               "y": 21
            },
            "height": 380,
            "id": "5e9e1936-b3b3-414f-8e59-0ade73f8f474",
            "title": "VM Network Usage Rate (KBps)",
            "type": "View"
         }
      ]
   }],
   "entries": {
      "resource": [{
         "adapterKindKey": "VMWARE",
         "identifiers": [],
         "internalId": "resource:id:0_::_",
         "name": "vSphere World",
         "resourceKindKey": "vSphere World"
      }],
      "resourceKind": [{
         "adapterKindKey": "VMWARE",
         "internalId": "resourceKind:id:0_::_",
         "resourceKindKey": "Datacenter"
      }]
   },
   "uuid": "83721d0e-c9af-4c47-bd61-c6ff80489fcf"
}